{
  "confusion_matrix": [
    [
      15745092,
      286,
      8168,
      1545,
      1336338,
      21076,
      33706,
      206501,
      123581,
      0,
      466,
      1675
    ],
    [
      0,
      0,
      0,
      0,
      0,
      0,
      0,
      0,
      0,
      0,
      0,
      0
    ],
    [
      6335,
      70,
      37942,
      0,
      0,
      0,
      2689,
      0,
      0,
      0,
      0,
      0
    ],
    [
      490,
      0,
      0,
      4019,
      30,
      41,
      0,
      0,
      0,
      0,
      8,
      0
    ],
    [
      0,
      0,
      0,
      0,
      0,
      0,
      0,
      0,
      0,
      0,
      0,
      0
    ],
    [
      200,
      0,
      0,
      0,
      0,
      26146,
      38,
      0,
      0,
      0,
      0,
      0
    ],
    [
      34225,
      18,
      3139,
      2763,
      107,
      3215,
      376492,
      0,
      189,
      0,
      75,
      32
    ],
    [
      3828,
      0,
      0,
      0,
      381,
      0,
      0,
      40071,
      0,
      0,
      0,
      0
    ],
    [
      37094,
      0,
      241,
      0,
      396,
      963,
      0,
      0,
      782714,
      0,
      0,
      0
    ],
    [
      217,
      235,
      0,
      0,
      0,
      0,
      13340,
      0,
      0,
      0,
      0,
      0
    ],
    [
      0,
      0,
      0,
      0,
      0,
      0,
      0,
      0,
      0,
      0,
      0,
      0
    ],
    [
      18191,
      0,
      0,
      0,
      0,
      0,
      0,
      0,
      0,
      0,
      0,
      0
    ]
  ],
  "iou": [
    0.8956754912419952,
    0.0,
    0.6476512358312037,
    0.4517760791316122,
    0.0,
    0.5059308423140813,
    0.8009990894157792,
    0.15978483218419268,
    0.8281127999169651,
    0.0,
    0.0,
    0.0
  ],
  "precision": [
    0.993652525434068,
    0.0,
    0.7666599312977033,
    0.48264681157100214,
    0.0,
    0.5082716121371896,
    0.8832346075795847,
    0.1625123696120555,
    0.8634614620885903,
    0.0,
    0.0,
    0.0
  ],
  "recall": [
    0.9008296738712352,
    0.0,
    0.8066587294820846,
    0.8759808195101138,
    0.0,
    0.990979381439543,
    0.8958656054060282,
    0.9049457994559509,
    0.952893081148351,
    0.0,
    0.0,
    0.0
  ],
  "f1": [
    0.9449670559142552,
    0.0,
    0.7861508316584391,
    0.622377035094785,
    0.0,
    0.6719177193959639,
    0.8895052186315243,
    0.2755421743436665,
    0.9059755550779027,
    0.0,
    0.0,
    0.0
  ],
  "support": [
    17478434,
    0,
    47036,
    4588,
    0,
    26384,
    420255,
    44280,
    821408,
    13792,
    0,
    18191
  ],
  "pixel_accuracy": 0.9013534122043185,
  "mean_iou": 0.3574941975029858,
  "macro_precision": 0.3883699433100161,
  "macro_recall": 0.5273460908594422,
  "macro_f1": 0.42470296584304473
}